{"Conditional or Contract": 7331420.403259277, "Resource Protection": 21129701.39807129, "Residential": 329157059.01123047, "Industrial and Airport": 88043660.09204102, "Mixed Use": 62033688.323791504, "Office": 11567490.51727295, "Waterfront": 12122802.829833984, "Island": 72353155.73077393, "Form Based": 1978621.9119262695}