{"Conditional or Contract": 7331420.403259277, "Resource Protection": 21129701.39807129, "Open Space": 60189079.49926758, "Industrial and Airport": 88043660.09204102, "Residential": 268967979.5119629, "Mixed Use": 62033688.323791504, "Office": 11567490.51727295, "Waterfront": 12122802.829833984, "Island": 72353155.73077393, "Form Based": 1978621.9119262695}