{"R-3": 134181412.93792725, "R-5": 65539414.34613037, "R-2": 37308118.51739502, "R-5a": 780959.9010620117, "R-6a": 612905.4005126953, "R-6": 22833010.98590088, "R-1": 4207096.173156738, "R-4": 3442325.4973754883}